text,quest pronoun,variants,correct_answer,answer
"Как пишет газета, поравнявшись на Каширском шоссе с экипажем ДПС, водитель и пассажир открыли окна и демонстративно выпили по стакану коньяка на глазах у инспекторов. Сразу после этого они промчались на красный свет и сбили Ильина. Водителю удалось сбежать, пишет ""МК"", его приятеля и девушку задержали и допросили. Как рассказали задержанные, с автовладельцем и водителем они познакомились недавно.",его,"['автовладельцем', 'Ильина', 'Водителю']",3,3
"Задержанный уже дал признательные показания и сейчас находится в СИЗО. Он утверждает, что мальчик оскорбил его грубым словом, в ответ на которое тот стал избивать малыша. Как рассказал порталу начальник следственного отдела по Центральному району Читы Андрей Беспечанский, на бесчеловечную жестокость подростка спровоцировало слово ""лох"".",тот,"['мальчик', 'Задержанный', 'малыша']",2,2
"Во вторник директор Центра профессор Халил Шикаки подчеркнул, что эти опросы проводились до убийства Ясина. Он сказал: ""Наблюдается продолжающаяся тенденция роста популярности ""Хамас"" и ослабления позиций ""Фатх"". Очевидно, что убийство Ясина и активизация израильских военных усилит эту тенденцию"".",Он,"['""Хамас""', 'Ясина', 'директор Центра профессор Халил Шикаки']",3,3
"Глава ""Роснефти"" Игорь Сечин строит дом в Барвихе на земле, покупка которой по рыночной стоимости обошлась бы более чем в 110 млн долларов, утверждают ""Ведомости"". При этом его соседка, супруга Сергея Чемезова, выставила свой только что построенный дворец на продажу.",свой,"['его соседка, супруга Сергея Чемезова', '""Ведомости""', 'Сергея Чемезова']",1,1
"Хоккеисты нижегородского ""Торпедо"" на своем льду со счетом 3:2 переиграли финский ""Йокерит"" в шестом матче 1/8 плей-офф Континентальной хоккейной лиги (КХЛ) и пробились в следующий раунд розыгрыша Кубка Гагарина.",своем,"['Хоккеисты нижегородского ""Торпедо""', 'Континентальной хоккейной лиги', 'финский ""Йокерит""']",1,1
"В середине апреля у Воронцова прошел обыск по делу о распространении недостоверной информации. Как утверждали тогда в СК РФ, анонимный пользователь ""Владимир Воронцов"" распространил ложную информацию о том, что курсантов и офицеров одного из военных учебных заведений, в котором насчитывается 70% заболевших коронавирусом, заставляют делать утреннюю зарядку. Воронцов после обыска остался в статусе свидетеля. После этого, по словам ""омбудсмена полиции"", сотрудники управления собственной безопасности МВД посетили его знакомых из числа бывших и действующих сотрудников полиции. Их уговаривали дать показания на Воронцова, однако они отказались и сообщили об этом ""омбудсмену полиции"".",котором,"['СК РФ', 'Воронцов', 'одного из военных учебных заведений']",3,3
"В ряде европейских стран прошли митинги в поддержку чеченских геев. В частности, как сообщает Delfi, в минувшую субботу, 13 мая, у посольства России в Вильнюсе состоялась акция протеста против нарушений прав сексуальных меньшинств в Чечне, которую организовала Лига геев Литвы.",которую,"['России', 'акция протеста против нарушений прав сексуальных меньшинств в Чечне', 'Чечне']",2,2
"По его мнению, сейчас в мире насчитывается не более 10-ти великих тренеров, таких, как Хитцфельд, Липпи, Капелло, Фергюссон, но все они заняты. ""А брать какого-то среднего специалиста нет смысла. Они ничем не превосходят российских коллег, в числе которых на пост главного тренера сборной России чаще всего называют Валерия Газзаева и Юрия Семина"", - считает президент РФС.",Они,"['российских коллег', 'все они', 'какого-то среднего специалиста']",3,3
"Вводить ограничения в отношении журналистов не стали, поскольку санкции WADA этого не требуют. При этом в федерации подчеркнули, что журналистам запрещено передавать российским спортсменам государственную символику, так что финишировать с государственным флагом в гонках им не удастся.",им,"['журналистам', 'российским спортсменам', 'WADA']",2,2
"По словам источника в АМАНе, террористы разрабатывали операцию по захвату израильского военнослужащего в течение более двух месяцев. Он отметил, что глава политбюро ""Хамаса"" Халид Машаль поддерживает связь из Дамаска с главарем военизированного крыла ""Хамаса"" Ахмадом Джабри, которого израильские спецслужбы считают ответственным за захват военнослужащего.",Он,"['""Хамаса""', 'израильского военнослужащего', 'источника в АМАНе']",3,3
"По версии следователей, одним из инициаторов рейдерской атаки на бизнес-империю Минеева выступил его топ-менеджер Борис Караматов, работавший в ""Евразии"" под подставным именем Борис Хамитов. Он вступил в сговор со своим родственником Дмитрием Куриленко, который представлялся генералом Службы внешней разведки в отставке и передвигался по Москве на Mercedes с ""блатным"" номером серии ""ВМР"".",Он,"['его топ-менеджер Борис Караматов', 'своим родственником Дмитрием Куриленко', 'Минеева']",1,1
"Вчера же следователи и оперативники провели более 30 обысков, в ходе которых ""были изъяты предметы и документы, имеющие значение для расследования"". Следственные действия проводились в офисах ""РусГидро"" и ""Квадры"", а также в московской квартире Дода, двух частных домах в поселке Немчиновке в Одинцовском районе и доме в поселке Пестово рядом с Мытищами, которые были записаны на близких к предпринимателю людей. Кроме того, следствие намерено проверить информацию о недвижимости Дода и его близких за границей - например, во Франции и Швейцарии, которая оформлена на офшорные компании. На всю эту недвижимость, а также счета предпринимателя в банках следствие рассчитывает наложить арест, чтобы компенсировать причиненный им ущерб.",им,"['следствие', 'предпринимателя', 'двух частных домах в поселке Немчиновке в Одинцовском районе']",2,2
"По данным прокуратуры, обвиняемые также похитили нефть дочерних акционерных обществ ОАО ""НК ЮКОС"": ОАО ""Самаранефтегаз"", ОАО ""Юганскнефтегаз"" и ОАО ""Томскнефть ВНК"" на сумму более 892,4 млрд рублей. Часть этих средств в размере 487,4 млрд рублей и 7,5 млрд долларов США они легализовали, утверждают следователи.",они,"['США', 'дочерних акционерных обществ ОАО ""НК ЮКОС""', 'обвиняемые']",3,3
"Однако Конашенков выразил готовность Минобороны России со своей стороны к ""объективному и конструктивному разговору с американскими партнерами в интересах нормализации ситуации на Украине"".",своей,"['Конашенков', 'Минобороны России', 'России']",2,2
"""Имеется также информация, - сообщил Никифоров, - что к убийству Михаила Маневича причастны граждане Колягин и Максимов, однако после совершения убийства вице-губернатора они были ликвидированы, проводится выявление цепочки причастных к ним лиц"". Представитель МВД подчеркнул, что он не может сказать, являются ли указанные лица непосредственными исполнителями преступлений. Вице-губернатор Санкт-Петербурга Михаил Маневич был расстрелян в служебном автомобиле по дороге на работу в августе 1997 года. Депутат Госдумы Галина Старовойтова убита в ноябре 1998 года в подъезде дома в Петербурге, где она проживала. Обвинения в совершении этих преступлений до сих пор никому не предъявлены.",ним,"['дома в Петербурге', 'граждане Колягин и Максимов', 'указанные лица']",2,2
"Первые подозрения относительно Кузнецова появились еще в 2008 году, когда у него заподозрили наличие паспорта гражданина США, что противоречило статусу госслужащего. В том же 2008-м чиновник ушел с поста и покинул страну, вскоре были возбуждены уголовные дела. Но в международный розыск Кузнецов был объявлен только осенью 2012 года. Оппозиционер Алексей Навальный полагает, что этому способствовала в том числе его деятельность по делу экс-министра и, в частности, письма в полицию. ""МВД и СК не сообщает, сколько времени ушло на то, чтобы заставить их внести Кузнецова в базу Интерпола, благодаря чему он и был задержан сегодня"", - написал Навальный в своем блоге на прошлой неделе.",своем,"['Навальный', 'МВД', 'Кузнецова']",1,1
"Утром в четверг Израиль предъявил руководству Палестинской национальной администрации ультиматум с требованием немедленно и безоговорочно арестовать и выдать ему убийц члена израильского кабинета министров. В ультиматуме также указывается, что вне закона должны быть объявлены все группировки, согласно израильским оценкам, причастные к террористической деятельности. Речь прежде всего идет о радикальных исламских организациях ХАМАС, ""Исламский джихад"" и ""Народный фронт освобождения Палестины"" (НФОП). Представители последнего взяли на себя ответственность за убийство Зееви.",себя,"['Представители последнего', 'последнего', 'Зееви']",1,1
"В конце июня в большом интервью ИТАР-ТАСС бывший министр финансов заявил, что правительство принимает решения, уменьшающие рост экономики, когда его надо поднимать. Тогда он также отметил, что дальнейшая эскалация конфликта на Украине и военное вмешательство в ситуацию на востоке этой страны может стоить россиянам до одной пятой их доходов в результате экономических санкций Запада и гонки вооружений. В России есть силы, которые желали бы изолировать страну от внешнего мира, однако представители бизнеса хотели бы продолжать работать и инвестировать на глобальных рынках.",его,"['рост экономики', 'Запада', 'правительство']",1,1
"Третьего февраля Даян направил в суд ходатайство с просьбой изменить условия содержания своего подзащитного. По словам Даяна, Бут более 14 месяцев (с тех пор, как он был экстрадирован в США из Таиланда в ноябре 2010 года) без имеющихся на то причин содержится в одиночной камере спецблока для особо опасных преступников, расположенной в Нижнем Манхэттене.",своего,"['просьбой', 'Даяна', 'суд']",2,2
"Собеседник издания, близкий к горадминистрации, рассказал, что в ней уже были совещания, на которых говорилось, что ""мы идем на выборы и пора готовиться к ним"". ""Все [в администрации Санкт-Петербурга] исходят из того, что губернатор идет на новый срок"", - пояснил источник.",ним,"['выборы', 'совещания', 'издания']",1,1
"Сторонников Трампа, ворвавшихся накануне в здание Капитолия, Байден призвал не называть ""протестующими"". ""Это не были протестующие. И даже не пытайтесь называть их протестующими, - сказал избранный президент США. - Это была банда погромщиков. Бунтовщиков. Террористов"". Байден также подверг резкой критике самого президента - своего соперника по президентским выборам, который так и не признал поражения. Избранный президент не стал прямо призывать к отставке Трампа, однако заявил, что многие его действия на посту главы государства подрывали демократические институты и служили только его личным целям. Байден, в частности, упомянул о том, что Трамп ""больше доверял Владимиру Путину"", чем сотрудникам американских спецслужб, по вопросу о российском вмешательстве в выборы.",своего,"['Владимиру Путину', 'Байден', 'Трампа']",2,2
"""Судовладелец прислал четырех сотрудников. Они на катере были доставлены на горящий пароход. Осмотрели его и убедились, что есть возможность перекрыть доступ газа, после чего перекрыли вентиль. Так что на танкере-газовозе ""Канди"" сейчас пожар не продолжается. На танкере ""Маэстро"" еще есть один небольшой очаг"", - рассказали РИА ""Новости"" в пресс-службе Росморречфлота. Обследованием судна займутся представители судовладельца.",его,"['горящий пароход', 'Росморречфлота', 'катере']",1,1
"До этого врачи никого, включая приехавших из Петербурга родственников, к солдату не пускали. В субботу Рудакова посетили отец, младшая сестра и бабушка его лучшего друга, ухаживавшая за ним.",ним,"['его лучшего друга', 'отец', 'Рудакова']",3,3
"Лидер ""Хамас"" Абдель Азиз ар-Рантиси также призвал своих соратников к совершению терактов против израильтян. ""Враг не уйдет безнаказанным, и израильтяне заплатят высокую цену"", - заявил ар-Рантиси, выразив надежду, что ""акты возмездия заставят израильтян убраться не только из сектора Газы, но и со всех оккупированных территорий"". ""Вы будете плакать не слезами, а кровью, и не избежите наказания за свои чудовищные преступления"", - говорится в обращении ар-Рантиси, которое цитирует телеканал FOX News.",своих,"['сектора Газы', '""Хамас""', 'Лидер ""Хамас"" Абдель Азиз ар-Рантиси']",3,3
"""По предварительной информации, на месте происшествия погиб один из пострадавших. Второй скончался в больнице 5-й медсанчасти. Помимо него было госпитализировано еще шесть человек. Двое из них в настоящее время оперируются. Жизнь оставшихся особых опасений не вызывает"", - сказал представитель Минздрава.",них,"['оставшихся', 'еще шесть человек', 'пострадавших']",2,2
"Как отмечает ""Газета GZT.ru"", сюжет новой серии иронично напоминает положение дел всей франшизы. Если первые две части принесли ""Шреку"" мировую популярность, задав, в принципе, новую планку мировой анимации, то сегодня создателям остается лишь грезить о былой славе. Собственно говоря, это и есть задача максимум для выходящего ""Шрека навсегда"" - либо он похоронит под собой успешные первые части, еще раз подтвердив теорию, что достойных продолжений - раз, два и обчелся, либо даст шанс DreamWorks оторваться на приквеле.",собой,"['успешные первые части', '""Шреку""', 'выходящего ""Шрека навсегда""']",3,3
"""Новый Кремль хочет показать, что намерен вернуть себе контроль за происходящим в регионах Северного Кавказа"", - согласен член совета Московского центра Карнеги Алексей Малашенко. Он предполагает, что с этим же была связана и недавняя замена премьера в Чечне: ""Рамзан Кадыров уволил с этой должности своего двоюродного брата Одеса Байсултанова, хотя никаких проблем между ними, насколько известно, не было, и произойти это могло только по сигналу из центра"".",Он,"['своего двоюродного брата Одеса Байсултанова', 'член совета Московского центра Карнеги Алексей Малашенко', 'Рамзан Кадыров']",2,2
"На днях Ирак при поддержке коалиции, возглавляемой США, начал штурм Мосула. По предварительным данным, численность иракских подразделений, задействованных в операции, превышает 60 тысяч человек. Поддержку им оказывают ВВС международной коалиции, правительственная авиация и артиллерия.",им,"['иракских подразделений', 'Мосула', 'Ирак']",1,1
"Руководство израильской полиции заявляет, что ему известны имена убийц Рахавама Зееви и тех, кто направил их на этот террористический акт. По некоторым данным, список имен уже передан палестинскому руководству и назначен крайний срок их выдачи - через семь дней. По данным РБК, палестинские власти арестовали сегодня трех членов ""Народного фронта освобождения Палестины"". По словам представителя НФОП, в Газе были арестованы участники политического крыла НФОП Раба Мухана, Юнис аль-Джарро и Хани Хабиб.",ему,"['""Народного фронта освобождения Палестины""', 'палестинскому руководству', 'Руководство израильской полиции']",3,3
"В ноябре 2017 года британский таблоид The Daily Mail сообщал, что Сталлоне был обвинен в изнасиловании 16-летней девушки, которое произошло в 1986 году в Лас-Вегасе. Со ссылкой на полицейский рапорт издание утверждало, что знаменитый актер пригласил потерпевшую в номер отеля Hilton, где принудил к совместному сексу с ним и его телохранителем Майклом ДеЛукой. В 2013 году ДеЛука был убит полицейскими в ходе конфликта после ДТП, когда он заявил, что у него при себе есть оружие.",ним,"['номер отеля Hilton', 'изнасиловании 16-летней девушки', 'знаменитый актер']",3,3
"Одну из жалоб подал активист движения ""Солидарность"" Илья Яшин, которому было отказано в регистрации из-за большого числа недостоверных подписей. Оспаривает отказ в регистрации и некий претендент на мандат Мосгордумы, который утверждает, что не является гражданином РФ, а живет в придуманной им стране. Этот человек представил на регистрацию собственноручно изготовленный паспорт. ЦИК передал жалобы в Мосгоризбирком, так как их обсуждение в его компетенции.",им,"['активист движения ""Солидарность"" Илья Яшин', 'Илья Яшин', 'Этот человек']",3,3
"""Позавчера была показана авторская программа Аркадия Мамонтова ""Специальный корреспондент"" под названием ""Лицедеи"". В ней Мамонтов утверждал, что геи и лесбиянки хотят уничтожить, как он выражается, нашу Россию. Звучали также оскорбительные высказывания в адрес ЛГБТ-сообщества"", - сказал ""Интерфаксу"" в четверг председатель организации Игорь Кочетков.",ней,"['организации', 'нашу Россию', 'авторская программа Аркадия Мамонтова ""Специальный корреспондент"" под названием ""Лицедеи""']",3,3
"Предполагается, что после завершения демонтажа двух подъездов дома будет проведена еще одна проверка всех оставшихся подъездов, по итогам которой будет принято решение о дальнейшей судьбе дома. Пока же жители пятого и шестого подъездов могут в течение нескольких дней зайти в квартиры за вещами, которые потребуются им на время работ по демонтажу двух соседних подъездов.",им,"['квартиры', 'вещами', 'жители пятого и шестого подъездов']",3,3
"Предполагаемое преступление, легшее в основу уголовного дела Кузнецова, а также его супруги, гражданки США Жанны Буллок, экс-замминистра финансов Московской области Владимира Носова, бывшего гендиректора ОАО, учрежденного правительством Московской области, ""Московская областная трастовая компания"" Владислава Телепнева и экономиста ООО ""НЭС-Финанс"", сестры министра Елены Кузнецовой, совершалось с 2005 года. Группа приобрела у ряда предприятий ЖКХ права требования задолженностей к муниципальным образованиям области на сумму свыше 3,5 млрд рублей, затем перепродала коммерческому банку, который обратился за выплатами к главам муниципальных образований. Те, не имея денег, взяли у банка кредиты, которые позже были погашены, по распоряжению Кузнецова, из бюджета области.",его,"['экономиста ООО ""НЭС-Финанс"", сестры министра Елены Кузнецовой', 'бывшего гендиректора ОАО, учрежденного правительством Московской области, ""Московская областная трастовая компания"" Владислава Телепнева', 'Кузнецова']",3,3
"Подтвердить информацию о связях Куриленко с российскими спецслужбами не удалось. Однако известно, что он долгое время проживал в Сирии, где занимался организацией пребывания в этой стране VIP-персон. Там же появлялись бизнесмен Михаил Некрич и Георгий Шуппе, которых следователи считают организаторами покушения на Минеева. Когда в Сирии началась война, ""разведчик"" вернулся в Россию. Он ходил в тренажерные залы, в одном из которых борьбу преподавал уроженец дагестанского села Гимры Омар Сулейманов. На малой родине его знают как человека, связанного с гимринской бандгруппой. Именно на имя Омара Сулейманова злоумышленники в итоге перерегистрировали ООО ""Евразия"", которое принадлежало Александру Минееву.",он,"['бизнесмен Михаил Некрич', 'Куриленко', '""разведчик""']",3,3
"Корреспондент ""Коммерсанта"" Андрей Колесников отметил, что ""тон послания был пока каким-то нарочито сдержанным, без особых восклицательных знаков"". ""В своем послании к Федеральному собранию Владимир Путин сосредоточился на свободах, а не на угрозах"", - заключил журналист. В качестве примера автор статьи приводит обращение президента к деятелям культуры с призывом быть сдержаннее в спорах, в ходе которого Путин подчеркнул, что ""и в культуре, и в политике, в средствах массовой информации и в общественной жизни, в полемике по экономическим вопросам никто не может запретить свободно мыслить и открыто высказывать свою позицию"".",своем,"['Владимир Путин', 'Федеральному собранию', 'Корреспондент ""Коммерсанта"" Андрей Колесников']",1,1
"Байдена также поздравили бывшие президенты США Барак Обама, Билл Клинтон и Джимми Картер. ""Нам повезло, что у Джо есть все, что нужно, чтобы быть президентом, и он уже ведет себя таким образом"", - говорится в заявлении Обамы, при котором Байден был вице-президентом. По словам 44-го президента США, с приходом в Белый дом Байден столкнется ""с рядом чрезвычайных проблем, с которыми никогда не сталкивался новый президент"", в их числе пандемия коронавируса, ""неравноправная экономика и система правосудия"", угрозы демократии и климатические изменения.",он,"['Джимми Картер', 'Джо', 'Обамы']",2,2
"Заместитель Генерального прокурора России Василий Колмогоров сегодня заявил, что он ездил в Мадрид ""встретиться, в первую очередь, с руководителями испанской юстиции и, кроме того, отвезти в Испанию некоторые документы по делу Гусинского"". По словам Колмогорова, вернувшегося из командировки в Москву в четверг утром, он ""удовлетворен результатами поездки, которая позволила снять ряд вопросов"".",он,"['Гусинского', 'Заместитель Генерального прокурора России Василий Колмогоров', 'Генерального прокурора России']",2,2
"Но не один Березовский, по Мамонтову, стремится разрушить российское государство, подобно либералам начала ХХ века - через церковь. Также в фильме было процитировано некое анонимное письмо об атаке на церковь, которая планировалась еще с 2008 года. Девушка, имеющая отношение к шоу-бизнесу, прислала этот документ, в котором упоминался бывший продюсер группы ""Тату"" Иван Шаповалов. Речь шла о проекте на некую религиозную тему, против православия и Путина. Заказчиками его были ""какие-то американцы"", которые хотели воздействовать на молодежь и вести ее за собой, зомбированную, как стадо баранов.",его,"['этот документ', 'проекте на некую религиозную тему, против православия и Путина', 'фильме']",2,2
"По данным МВД, потерпевший с 2012 по 2017 год проходил службу в одном из подразделений столичного управления полиции. В октябре 2017 года ему позвонил подозреваемый, с которым он был знаком ранее, и потребовал 300 тысяч рублей, угрожая выложить личные фотографии полицейского в общий доступ в интернете. ""После того как заявитель отказался выплатить обозначенную сумму, дискредитирующие его фотографии были опубликованы в группе и стали доступны широкому кругу лиц"", - сказал Васенин.",он,"['полицейского', 'одном из подразделений столичного управления полиции', 'потерпевший']",1,3
"Напомним, сенсационное заявление Лукашенко о поимке шпиона было сделано им в минувшую пятницу, как бы между делом, во время посещения строящегося в Минске аквапарка. Глава страны излагал журналистам свои оценки дела беглого американского экс-агента ЦРУ Эдварда Сноудена, и попутно заявил, что в рядах белорусских спецслужб обнаружен свой ""предатель"", сотрудничавший с иностранными государствами ""через представителей Католической церкви"". Задержанный, по словам президента, ""не только сдавал информацию, но из-за его деятельности пострадали люди, которые работают за границей"".",им,"['Минске', 'шпиона', 'Лукашенко']",3,3
"Сразу после этого Белый дом поспешил заявить, что Буш с оскандалившимся лоббистом не знаком. ""Президент не помнит, чтобы с ним встречался. Однако... нас не удивит, если президент с ним пересекался на каком-либо крупном приеме, который они оба посетили. На таких мероприятиях президент позирует для сотен, если не тысяч, фотографий"", - заявил в воскресенье пресс-секретарь Белого дома Дана Перино.",ним,"['оскандалившимся лоббистом', 'Буш', 'пресс-секретарь Белого дома Дана Перино']",1,1
"Отмечается, что ранее в социальных сетях его сыном было опубликовано видео, где да Силва ездит верхом на пони по имени Пикулито, при этом чрезмерно дергает поводьями, причиняя лошади боль. Также решением трибунала было установлено, что за пони бежала собака, причиняя животному стресс на фоне испытываемых болезненных ощущений, а сам да Силва был слишком тяжел для лошади.",его,"['да Силва', 'видео', 'пони по имени Пикулито']",1,1
"По его словам, неизвестный, используя ссору знакомого с уроженцами одной из республик Северного Кавказа как повод, провоцировал своими обращениями пользователей одной из социальных сетей на совершение ""противоправных действий в отношении лиц неславянской внешности"". При этом сам знакомый, якобы пострадавший от действий кавказцев, в правоохранительные органы с заявлением не обращался, отметил представитель главка.",своими,"['пользователей одной из социальных сетей', 'неизвестный', 'уроженцами одной из республик Северного Кавказа']",2,2
"По его словам, в ноте говорится, что с 3 сентября посольство РФ в Грузии должно прекратить свою работу. В ближайшие дни российские дипломаты покинут Тбилиси, отметил советник-посланник. Он назвал этот шаг ""ошибкой со стороны грузинского руководства"".",свою,"['Грузии', 'посольство РФ в Грузии', 'РФ']",2,2
"Кроме того, Киселев высказал мнение, что Минпечати РФ в этом вопросе ""должно занимать более активную и последовательную позицию"". ""Интерес государства состоит в том, чтобы защитить канал и его сеть. Чтобы зрители продолжили смотреть свои любимые передачи, фильмы и сериалы"", - считает Киселев.",его,"['государства', 'Минпечати РФ', 'канал']",3,3
"В Правительстве России началось обсуждение проекта приказа Минздрава, согласно которому все автошколы должны в обязательном порядке проводить занятия, на которых будущим водителям будет рассказываться о вреде алкоголя и наркотиков, пишет ""Коммерсант"".",которому,"['Правительстве России', 'проекта приказа Минздрава', 'Минздрава']",2,2
"Отметим, что у Софи есть шанс стать потомственной моделью Playboy, так как ее мать Санди тоже снималась в свое время для этого мужского журнала и работала в клубе Playboy. Кроме того, героиней Софи всегда была Мэрилин Монро, одна из первых моделей Playboy.",свое,"['клубе Playboy', 'ее мать Санди', 'Софи']",2,2
"Недвижимость была оформлена на 18 компаний, которые управлялись офшорами на Белизе и Сейшельских островах. Изначально на захват недвижимости Шуппе и Некрич выделили порядка трех миллионов долларов, но позже сумма увеличилась вдвое. 500 тысяч долларов пошло на подкуп юриста Юлии Егоровой, которая была номинальным директором четырех офшорных структур, владевших 18 фирмами Минеева. Она должна была поставить свои подписи на документах о смене собственников.",свои,"['собственников', 'Минеева', 'юриста Юлии Егоровой']",3,3
"Правительства южноамериканских выступили с поддержкой президента Эквадора Рафаэля Корреа и критикой действий повстанцев. Венесуэльский президент Уго Чавес обвинил протестующих в ""попытке свергнуть президента Корреа"". По его словам, ""действия повстанцев скоординированы и не имеют под собой экономической основы, а направлены на свержение законно избранного президента страны"". Вице-президент Колумбии Анхелино Гарсон заявил, что ""в Боготе признают только легитимное правительство Эквадора, возглавляемое Корреа"". В МИД Аргентины выразили ""глубокую обеспокоенность в связи с акциями протеста и высказались поддержку конституционно избранного президента"". Президент Перу Алан Гарсия заявил, что страны Южной Америки намерены защитить стабильность в Эквадоре. При этом он объявил о ""закрытии государственной границы с Эквадором в связи с кризисом"".",его,"['Венесуэльский президент Уго Чавес', 'Президент Перу Алан Гарсия', 'президента Корреа']",1,1
"Напомним, ""Газпром"" ранее объявил о планах построить подводный газопровод в Крым, а также принять участие в тендере на приватизацию местной энергетической компании. В апреле представитель администрации США сообщил, что санкции затронут ""Газпром"" в случае приобретения части ""Черноморнефтегаза"" - компании, национализированной правительством Республики Крым накануне присоединения к России - или заключения сделок с ним.",ним,"['США', 'компании', '""Газпром""']",2,2
"В интервью журналистам он сказал, что ""значительная часть якобы подписантов это не подписывала"". ""Возмутителен тот факт, что в списке подписантов значится председатель регионального объединения организации независимых профсоюзов России, который, земля ему пухом, умер два года назад. Написано, что Жансурат Аушева - председатель Союза журналистов Ингушетии, но она не занимает эту должность уже два года"", - сказал пресс-секретарь главы Ингушетии Иса Мержоев.",она,"['Жансурат Аушева', 'Ингушетии', 'России']",1,1
"Накануне после встречи с президентом Израиля Моше Кацавом Ольмерт отметил: ""Надеюсь, что после выборов в Палестинской автономии и выборов в Израиле мы сможем начать переговоры с Абу Мазеном при условии выполнения им своих обязательств и прийти к соглашению об окончательном урегулировании"". Говоря об Аббасе, Ольмерт, в частности, отметил: ""Было бы ошибкой освобождать его от обязательств, которые он взял на себя в рамках ""Дорожной карты"" и не требовать от него снова и снова начинать борьбу с террором и разоружения боевиков"".",своих,"['Абу Мазеном', 'Ольмерт', 'Израиле']",1,1
"Мелания Трамп пригрозила подать в суд на основанную гражданином США языковую школу в столице Хорватии Загребе за то, что та использовала ее образ для рекламы своих курсов. Фотография бывшей модели, ставшей первой леди США, сопровождалась на рекламных щитах надписью ""Просто представьте, как далеко вы сможете пойти, совсем чуть-чуть освоив английский"".",та,"['Хорватии', 'языковую школу в столице Хорватии Загребе', 'бывшей модели']",2,2
"Турецкое телевидение ранее демонстрировало записи камер видеонаблюдения, на которых видно, как Хашогги заходит в консульство, на фото и видео также попало прибытие в Турцию предполагаемого ""отряда убийц"" журналиста из 15 человек, которых в стране считают сотрудниками саудовской разведки. По данным СМИ, отряд прибыл в Стамбул за несколько часов до исчезновения Хашогги и отбыл вскоре после него, при этом в команде был полковник саудовской разведки Махер Мутреб, а также патологоанатом.",него,"['Хашогги', 'исчезновения Хашогги', 'Стамбул']",2,1
"Когда фотограф продал снимки агентству Caters, техноблог Techdirt поставил под сомнение эксклюзивность права Слейтера и агентства на фотографии. В WikiMedia также посчитали, что, поскольку обезьяна не является носителем авторского права, сделанные ей автопортреты следует считать общественным достоянием. После получения претензий Слейтер изменил свои показания и начал настаивать на том, что специально оставил фотоаппарат в надежде, что тот привлечет обезьян и они попытаются нажать на спуск. По его мнению, из этого следует, что задумка серии снимков принадлежит ему, как и авторское право.",свои,"['агентства', 'Слейтер', 'обезьяна']",2,2
"Президент Эстонии Тоомас Хендрик Ильвес ""исключил"" из Европы Калининград, а также Латвию и Литву. Среди стран Балтии Эстония была единственной страной, в которой не было власти посткоммунистов - отчасти поэтому только про нее из бывших советских республик можно сказать, что она вошла в западное культурное пространство.",нее,"['Эстония', 'Литву', 'Латвию']",1,1
"Он подчеркнул, что строительство с помощью России иранской АЭС - ""не столько коммерческий, сколько политический проект"", именно Бушер по его словам является реальным якорем, который удерживает Иран в режиме нераспространения ядерного оружия"". Выражая свое мнение в отношении проекта резолюции ""евротройки"" по Бушеру, Лавров отметил, что в нем ""есть подтекст - мол, поддержите нас по всем вопросам, и мы вам позволим достроить Бушер. Нам этого не надо"".",свое,"['Лавров', 'России', 'Бушеру']",1,1
"Смертина и Алдонина наставник россиян, скорее всего, с первых же минут использует в центре поля. Дмитрий Лоськов должен начать игру на позиции диспетчера, так как в команде Газзаева равноценной замены ему пока нет. На правом фланге полузащиты сыграет Ролан Гусев, который после ухода из сборной Валерия Карпина стал единственным достойным кандидатом на этой позиции. На левом фланге у Газзаева есть Каряка, и Соломатин, которые достойны участия в матче в равной степени. Из трех отличных нападающих: Семака и Бесчастных и Кержакова, Газзаеву нужно будет выбрать двоих. Между тем, все билеты на этот матч уже проданы. Стадион в Шкодере вмещает всего около 16 тысяч зрителей и обладает лучшим в Албании травяным газоном.",ему,"['диспетчера', 'Газзаева', 'Дмитрий Лоськов']",3,3
"Премьер-министр Израиля Эхуд Барак продлил срок ультиматума, в котором содержится требование к палестинцам прекратить насилие на своих территориях и заявил о своей готовности принять участие в саммите по урегулированию нового конфликта на Ближнем Востоке, если таковой состоится.",своих,"['палестинцам', 'Израиля', 'Премьер-министр Израиля Эхуд Барак']",1,1
"Как рассказал адвокат Сайпса, его клиент подрабатывает в клубе Delilah, хотя его основное занятие - модельный бизнес. В тот вечер Сайпс не работал, а зашел в клуб за своей девушкой - 21-летней Instagram-моделью Соммер Рэй (ФОТО). Рэй весь вечер находилась в VIP-зоне клуба, болтая с Оделлом Бекхэмом-младшим. Когда Сайпс пришел, чтобы забрать Рэй, то Оделл наглядно показал ему, что совсем этому не рад. Что произошло дальше, неясно. Но когда гости уходили, Сайпс что-то сказал, чем моментально вывел из себя Юнеса Бенджиму.",его,"['Юнеса Бенджиму', 'адвокат Сайпса', 'его клиент']",3,2
"Уже после игры Эусебио признался журналистам, что в тот момент, когда Рикардо защитил ворота после пробития англичанами их последнего пенальти, он почему-то вспомнил игру знаменитого Льва Яшина. ""Яшин - мой большой друг. И, хотя его с нами нет, он всегда останется в моем сердце"". Эусебио заявил журналистам, что абсолютно уверен в победе на чемпионате португальской сборной. ""Дорога к финалу открыта, каким бы ни был следующий соперник"", - подчеркнул он.",он,"['Эусебио', 'Яшин', 'Рикардо']",2,1
"Представители Европейского института ядерной физики (ЦЕРН) также заявляют, что у арестованного был контракт с еще одним институтом. По их словам, он не работал ни с чем, что могло бы быть использовано в террористических целях.",он,"['арестованного', 'еще одним институтом', 'Европейского института ядерной физики']",1,1
"Согласно информации, появившейся утром во вторник в некоторых израильских СМИ, силовые структуры Палестинской автономии, находящиеся под руководством Мохаммеда Дахлана, возможно возьмут под свой контроль Газу и Вифлеем уже через несколько дней, сообщает РИА ""Новости"".",свой,"['силовые структуры Палестинской автономии', 'Палестинской автономии', 'Мохаммеда Дахлана']",1,1
"Тем временем до 1 сентября генеральный директор Международного агентства по атомной энергии (МАГАТЭ) Мухаммед аль-Барадеи должен представить ООН доклад с выводами, подчинился ли Тегеран требованиям мирового сообщества. В принятой месяц назад резолюции Совет Безопасности предупредил Иран, что его отказ может повлечь за собой введение международных дипломатических и экономических санкций.",его,"['Иран', 'Международного агентства по атомной энергии', 'Совет Безопасности']",1,1
"""Во время проведения следственных действий Юрова вела себя агрессивно, симулировала плохое самочувствие и обмороки"", - утверждает следователь. По его словам, в адрес Киркорова, а также одного из свидетелей по делу поступают угрозы с требованием забрать заявление из Главного следственного управления при ГУВД Москвы и изменить показания. Следователь также сообщил, что за Киркоровым и свидетелем постоянно идет слежка.",себя,"['Юрова', 'Киркорова', 'следователь']",1,1
"Как пишет Walla, в 2010 году Заручевский снова подал иск в БАГАЦ с помощью адвоката, которую позже признали виновной в мошенничестве и лишили адвокатской лицензии. До своего ареста в прошлом месяце Заручевский был убежден, что его дело находится на рассмотрении в МВД и что им занимается адвокат. После ареста Михаил обратился к другому адвокату.",его,"['МВД', 'адвокат', 'Заручевский']",3,3
"""С точки зрения французского национализма нельзя сделать более провокационной ошибки"", - пояснил французский историк Жан-Люк Рош. ""Как регион, Эльзас концентрирует в себе ненависть, которая годами существовала между двумя странами. Сказать, что Эльзас остается частью Германии - это ужасный поступок со стороны президента Франции, даже если он попытался отшутиться и выставить его глупой ошибкой"", - добавил эксперт.",он,"['президента Франции', 'Эльзас', 'эксперт']",1,1
"В Государственную Думу представителей Российского авторского общества обещали позвать. Отметим, РАО - это, по собственному определению, ""некоммерческая общественная организация, созданная авторами для реализации и охраны авторских прав в сфере интеллектуальной деятельности"". РАО уже прославилось попытками стребовать деньги за исполнение песен с их же авторов. Так, в феврале этого года РАО потребовало выплаты ему около 2,5 млн рублей за исполнение песен американской певицы Бейонсе с устроителей концерта самой Бейонсе. В июле 2009 года РАО успешно защитило в суде права на исполнение песен группы Deep Purple от самой Deep Purple, которая должна теперь заплатить самой себе 450 тысяч рублей, но через РАО, которое оставит себе комиссию за оформление дела.",себе,"['самой Deep Purple', 'самой Бейонсе', 'РАО']",1,1
"В Бурятии полицейские принесли свои извинения вдове ветерана войны, труженице тыла Клавдии Клочихиной, которую 9 мая не пустили на парад Победы в Улан-Удэ. К ней домой приехал лично начальник отдела управления по обеспечению охраны общественного порядка МВД Бурятии Евгений Норбоев, который принес извинения, подарил цветы и поздравил ветерана с праздником, а также оставил пенсионерке свой номер телефона и сказал, что она может напрямую обращаться к нему с любыми вопросами, сообщил на своей странице в Facebook журналист Алексей Туробов.",нему,"['журналист Алексей Туробов', 'ветерана', 'начальник отдела управления по обеспечению охраны общественного порядка МВД Бурятии Евгений Норбоев']",3,3
"Что будет с частотой, на которой до сих пор вещал ТВС, еще точно не определено. Возможно, по желанию Владимира Путина, общенациональная частота останется за спортивным телеканалом - футбол вместо Чечни. Только немногие политики вроде Бориса Немцова из центристского Союза правых сил критично отозвались о дальнейшем сокращении свободы печати. После отключения ТВС в России ""будут больше убивать, воровать, и больше регионов будет замерзать. Пока власть не видит честную картинку, она не видит и проблем"".",она,"['Чечни', 'власть', 'России']",2,2
"Как сообщалось, стрельба в школе в Отрадном произошла в минувший понедельник. Десятиклассник Сергей Гордеев пришел в школу с двумя винтовками, принадлежащими его отцу. Угрожая охраннику, ученик прошел в кабинет, где шел урок географии, убил педагога и взял в заложники около 20 учеников. Затем Гордеев открыл огонь по полицейским, прибывшим по сигналу ""тревожной кнопки"". Обезвредить и задержать подростка удалось с помощью его отца. После беседы с ним юноша отпустил школьников и сдался полиции.",его,"['охраннику', 'подростка', 'педагога']",2,2
"""Международная Амнистия"", много раз упомянутая в документе как источник информации, обвинила правительство в том, что оно использует ее данные в качестве оружия пропаганды, пытаясь оправдать свои планы свергнуть Саддама силовыми методами, пишет газета в статье, перевод которой публикует Inopressa.ru.",свои,"['Саддама', '""Международная Амнистия""', 'правительство']",3,3
"Собственно, глядя на происходящее в мире компьютерных игр, да и на то, что вне их, понимаешь что основная претензия седых отставников (может быть даже и не осознаваемая ими) в том и состоит, что мир этот - от игры ""Стелларис"" до Монеточки - предлагает поколению ""внуков"" существенно большую и разнообразную информацию (про то, что она более интересна я даже не говорю), чем как следует цензурированная (и мертвенно устаревшая еще до цензуры) школьная и внешкольная государственная программа по общественных наукам и социальным навыкам.",она,"['существенно большую и разнообразную информацию', 'школьная и внешкольная государственная программа по общественных наукам и социальным навыкам', 'игры ""Стелларис""']",1,1
"В Италии для 197 жителей горного поселка, где нет солнца, установят зеркало, его отражающее",его,"['солнца', 'горного поселка', 'зеркало']",1,3
"Старт антиникотиновой кампании в России был дан еще в 2001 году. Тогдашний президент РФ Владимир Путин подписал федеральный закон ""Об ограничении курения табака"". Закон вступил в силу в 2002 году. А в этом году Россия ратифицировала международную Конвенцию ООН по борьбе с табаком. В соответствии с требованиями конвенции, в течение пяти лет в стране должна быть запрещена реклама табачной продукции, а ее производителям вменена обязанность наносить надписи о вреде их продукции в соответствиями с определенным стандартам.",ее,"['реклама табачной продукции', 'конвенции', 'табачной продукции']",3,3
"Между тем, как сообщает интернет-издание ""Украинская правда"", главным редактором которого был Георгий Гонгадзе, Кравченко в предсмертной записке назвал себя жертвой политического авантюризма Кучмы. Издание ссылается на источники в правоохранительных органах.",себя,"['Кучмы', 'Георгий Гонгадзе', 'Кравченко']",3,3
Данный факт установила историк Шарлот Игар во время подготовки материалов о дочери Генриха - королеве Елизавете 1. Она смогла провести прямую линию от любовницы основателя династии Тюдоров до невесты принца из дома Виндзор.,Она,"['историк Шарлот Игар', 'любовницы основателя династии Тюдоров', 'дочери Генриха - королеве Елизавете 1']",1,1
"О встрече известно мало. Как сообщает пресс-служба Генрокуратуры, на ней обсуждался вопрос выполнения ряда резолюций ПАСЕ и постановлений Верховной Рады относительно раскрытия резонансных преступлений.",ней,"['встрече', 'Верховной Рады', 'Генрокуратуры']",1,1
"Упоминание ""дела Литвиненко"" тоже вызвало негодование в посольстве РФ в Лондоне. Там обратили внимание на то, что в статье The Guardian ""в лучших британских журналистских традициях проводится связь между упомянутым никем не подтвержденным запросом и аналогичными обращениями Лондона по ""делу Литвиненко"". ""При этом аккуратно опускаются важные детали. Пользуясь тем, что в соответствии с конституцией России наши граждане не подлежат экстрадиции в третьи страны, британские власти наотрез отказывались задавать свои вопросы россиянам в соответствии с действующими двусторонними и многосторонними механизмами правовой помощи, представляя дело так, будто российская сторона покрывает преступников. Все это выглядит как политическое наперстничество"", - указали в диппредставительстве.",свои,"['Лондона', 'Литвиненко', 'британские власти']",3,3
"Другой подвал в доме Юсуповых и есть тот бункер, где якобы прятался Масхадов. Он находится под летним домиком, прилегающим к основному дому. Вход в него очень узкий. И сейчас пролезть внутрь, а тем более что-то сфотографировать внутри невозможно: после взрыва подвал засыпан землей. Стены бункера выстроены из самана - сена пополам с глиной. И приделать к саману бетонную плиту или железный люк невозможно, потому что в нем просто не держатся массивные петли. Вентиляции в бункере тоже нет.",Он,"['основному дому', 'Другой подвал в доме Юсуповых', 'тот бункер']",2,2
"Сторонников Трампа, ворвавшихся накануне в здание Капитолия, Байден призвал не называть ""протестующими"". ""Это не были протестующие. И даже не пытайтесь называть их протестующими, - сказал избранный президент США. - Это была банда погромщиков. Бунтовщиков. Террористов"". Байден также подверг резкой критике самого президента - своего соперника по президентским выборам, который так и не признал поражения. Избранный президент не стал прямо призывать к отставке Трампа, однако заявил, что многие его действия на посту главы государства подрывали демократические институты и служили только его личным целям. Байден, в частности, упомянул о том, что Трамп ""больше доверял Владимиру Путину"", чем сотрудникам американских спецслужб, по вопросу о российском вмешательстве в выборы.",его,"['Трампа', 'Владимиру Путину', 'Избранный президент']",1,1
"Он отметил, что в ходе встречи выражались надежды на то, что ""возможная отмена поправки Джексона - Вэника будет способствовать дальнейшему развитию двусторонних отношений, а главное, позволит американским компаниям использовать преимущества, которые у них появятся со вступлением России в ВТО"".",них,"['американским компаниям', 'преимущества', 'поправки Джексона - Вэника']",1,1
"В среду член руководства ""Хамас"" Исмаил Хания, возглавляющий предвыборный список движения, заявил на одном из избирательных участков в городе Газа, что движение не намерено разоружаться после того, как его представители войдут в палестинский законодательный совет, передает ИТАР-ТАСС.",его,"['предвыборный список движения', 'городе Газа', 'движение']",3,3
"Как сообщают белградские СМИ, Мария Милошевич назвала церемонию погребения отца, похороненного в минувшую субботу во дворе своего семейного дома в сербском городе Пожаревац, ""скандальным"" и выразила крайнее неудовольствие организацией похорон.",своего,"['сербском городе Пожаревац', 'Мария Милошевич', 'отца']",3,3
"Кроме того, консорциум планирует использовать для сборки производственные мощности калининградского ""Автотора"", а также взять на себя все продажи Opel и Chevrolet в стране.",себя,"['калининградского ""Автотора""', 'консорциум', 'Opel']",2,2
"Катастрофа Ми-26 под Ханкалой, произошедшая 19 августа этого года - самая крупная в истории Российских вооруженных сил. Погибли 119 человек. По мнению российских военных, вертолет был сбит с земли чеченскими боевиками, но до сих пор преступники так и не были найдены. Возбуждено сразу два уголовных дела по статьям о терроризме и халатности, повлекшей тяжкие последствия. В субботу Главная военная прокуратура предъявила обвинение командиру авиаполка подполковнику Кудякову. Обвинение командиру полка предъявлено в Моздоке старшим следователем по особо важным делам ГВП по статье 351 УК РФ (нарушение правил полетов или подготовки к ним, повлекшие по неосторожности смерть человека либо иные тяжкие последствия). Данная статья предусматривает наказание в виде лишения свободы на срок до 10 лет.",ним,"['ГВП', 'полетов', 'преступники']",2,2
"Авторы картины считают, что ""Гражданин поэт. Прогон года"" - это ""фильм-размышление о причинах стремительного пробуждения гражданской позиции миллионов людей"". Лента Веры Кричевской, скорее, рассказ для посвященных о том, как все начиналось, как заканчивалось и чего все это авторам проекта стоило. Именно этим ценны эпизоды, в которых Васильев ругается с Ефремовым и обменивается шутками с Прохоровым, или Дмитрий Быков сидит за рабочим столом и рассказывает, зачем же на самом деле его пригласили на встречу с главой государства.",его,"['Дмитрий Быков', 'Васильев', 'Прохоровым']",1,1
Посетители официального сайта Европейского союза футбольных ассоциаций (УЕФА) путем голосования определили состав команды года. Шесть из двенадцати позиций в ней остались за представителями победившей на ЕВРО-2008 сборной Испании. Россиянам в этой символической сборной места не нашлось.,ней,"['команды года', 'Испании', 'сборной Испании']",1,1
"Сборные Чехии и Португалии, которые начали борьбу на ЕВРО-2008 с побед, в среду встретились между собой в Женеве. Португалия вновь взяла верх и единолично возглавила группу А. После победы турок над швейцарцами выяснилось, что подопечные Сколари досрочно обеспечили себе выход в четвертьфинал.",себе,"['Сколари', 'подопечные Сколари', 'Чехии']",2,2
"Член совета по проведению государственных религиоведческих экспертиз при Минюсте России Евгений Мухтаров заявил ""Известиям"", что, по его мнению, церковь Бойнецкого является одной из разновидностей неопятидесятнических сект. ""Фирменная особенность"" неопятидесятников - ""общение на иных языках"", когда верующий во время богослужения впадает в транс, заявил он. Ранее специалисты из Института имени Сербского специально изучали такую форму богослужения и пришли к выводу, что она может нанести непоправимый вред психическому здоровью, утверждает Мухтаров.",она,"['такую форму богослужения', 'церковь Бойнецкого', 'России']",1,1
"Напомним, эстонский парламент 15 февраля принял закон ""О сносе запрещенных сооружений"", который позволит эстонским властям на законном основании демонтировать памятники советским воинам, в частности, монумент Воину-освободителю в центре Таллина на холме Тынисмяги. В тот же день президент Эстонии Тоомас Хендрик Ильвес заявил, что не намерен подписывать этот закон в связи с его несоответствием конституции страны.",его,"['этот закон', 'монумент Воину-освободителю в центре Таллина на холме Тынисмяги', 'эстонский парламент']",1,1
"Отметим, что сообщения, приходившие сыну пропавшего пилота в апреле - не единственные. Ранее подобное произошло через четыре дня после изчезновения ""кукурузника"". Тогда одному из родственников также пришло сообщение с телефона пропавшего вместе с Ан-2 пассажира. Оповещение о том, что данный абонент снова в сети, вселило надежду в сердца родных и спасателей. Однако, как только ""найденному"" абоненту попытались позвонить, он вновь оказался недоступен. Тогда следователи объяснили произошедшее техническим сбоем: мол, сигнал с телефона был послан еще до взлета, а из-за сбоя в детализации информация пришла с опозданием.",он,"['""найденному"" абоненту', 'пропавшего пилота', 'сыну пропавшего пилота']",1,1
"Также в пресс-службе омбудсмена уведомляют, что Мерзлякова по просьбе отца ""погибшего"" заключенного передала другим осужденным его точку зрения, согласно которой ""справедливость будет восстановлена"", а виновные - наказаны.",его,"['отца ""погибшего"" заключенного', 'омбудсмена', '""погибшего"" заключенного']",1,3
"Тем временем Гибралтар решил обсудить с Шотландией общий план действий, который позволил бы этим частям Великобритании после ее выхода из Евросоюза остаться в его составе. Не исключено, что к переговорам присоединится и Северная Ирландия, жители которой также голосовали против Brexit.",ее,"['Шотландией', 'Северная Ирландия', 'Великобритании']",3,3
"По информации ""Медиазоны"", в заявлении о взыскании средств ФСБ подробно описала расходы, которые ведомство понесло в связи с двумя поездками своего представителя Марины Трифильевой из Белгородской области в Санкт-Петербург, где проходили судебные заседания по иску семьи Остряковых.",своего,"['Белгородской области', 'ведомство', 'расходы']",2,2
"Аналогичный инцидент произошел на МКС в 2014 году. Вышедший из строя блок придется менять. Однако запасного устройства на борту МКС нет, отмечает AP. В NASA рассчитывают доставить его на МКС с помощью американского грузового корабля Dragon компании SpaceX. Его запуск запланирован на начало 2016 года. Предыдущий запуск ракеты-носителя SpaceX Falcon 9 с двумя тоннами груза для МКС, состоявшийся в июне, закончился неудачей.",Его,"['запасного устройства', 'американского грузового корабля Dragon компании SpaceX', 'блок']",2,3
"Представители организации подчеркнули, что не допустит, чтобы кризис в Эквадоре стал повторением путча в Гондурасе. По словам министра иностранных дел Аргентины Эктора Тимермана, кризис в Эквадоре представляет собой ""угрозу для демократии и народов Латинской Америки"", и лидеры региона приложат все усилия, чтобы он не стало повторением событий в Гондурасе, где 28 июня 2009 года военными был отстранен от власти законный президент Мануэль Селайя. Тимерман отметил, что экстренная встреча УНАСУР в Буэнос-Айресе, созванная по инициативе аргентинского лидера Кристины Фернандес де Киршнер, будет направлена на ""выработку стратегии по воспрепятствованию свержения президента Эквадора Рафаэля Корреа"". Глава внешнеполитического ведомства Аргентины также заявил, что в случае необходимости члены УНАСУР готовы лично отправиться в Эквадор, чтобы постараться найти поиск из сложившейся ситуации на месте.",он,"['кризис', 'Эквадоре', 'Гондурасе']",1,1
"Кроме того, крупнейшая в стране сеть заправок и единственный нефтеперерабатывающий завод, самый большой на Балканах, принадлежат российской компании ""Лукойл"". Кроме того, Болгария импортирует из России всю свою нефть. Российская монополия приводит к тому, что ""затраты на производство и логистику в нефтяной сфере оказываются самыми высокими в ЕС"", критикует исследовательский центр CSD в Софии.",свою,"['Болгария', 'России', 'Балканах']",1,1
"Лидер партии ""Батькивщина"" заявила, что ей звонил неизвестный мужчина, который на русском языке сказал, ""что она еще пожалеет о своей поездке в Брюссель и о резолюции, которая была принята ассамблеей Европейской народной партии"".",своей,"['Европейской народной партии', 'неизвестный мужчина', 'Лидер партии ""Батькивщина""']",3,3
